<?xml version="1.0" encoding="UTF-8" standalone="yes"?>
<addon id="plugin.video.nextgenrt" name="NextGen RT News" version="1.0.12" provider-name="poslogica">
	<requires>
		<import addon="xbmc.python" version="3.0.1" />
		<import addon="inputstream.adaptive" />
	</requires>
	<extension point="xbmc.python.pluginsource" library="default.py">
		<provides>video</provides>
	</extension>
	<extension point="xbmc.addon.metadata">
		<summary lang="en">NextGen RT News</summary>
		<description lang="en">NextGen RT News Kodi Plugin. Streams RT News content directly in Kodi including Global, US, Documentaries, Spanish (ESP), and Arabic channels. Automatic updates available via repository.</description>
		<disclaimer lang="en">Feel free to use this script.</disclaimer>
		<platform>all</platform>
		<language>en</language>
		<license>GNU GENERAL PUBLIC LICENSE. Version 2, June 1991</license>
		<website>https://www.rt.com</website>
		<source>https://github.com/poslogica/plugin.video.nextgenrt</source>
		<news>[B]NextGen RT News ChangeLog v1.0.12 - 2025-10-23[/B]
- docs: point users to downloads/ for repository zip
- feat: publish plugin zips to gh-pages/downloads and prune to latest 5
- fix: remove 'v' prefix from plugin zip filename in gh-pages
		</news>
	</extension>
</addon>