<?xml version="1.0" encoding="UTF-8" standalone="yes"?>
<addon id="plugin.video.nextgenrt" name="NextGen RT News" version="1.0.21" provider-name="poslogica">
	<requires>
		<import addon="xbmc.python" version="3.0.1" />
		<import addon="inputstream.adaptive" />
	</requires>
	<extension point="xbmc.python.pluginsource" library="default.py">
		<provides>video</provides>
	</extension>
	<extension point="xbmc.addon.metadata">
		<summary lang="en">NextGen RT News</summary>
		<description lang="en">NextGen RT News Kodi Plugin. Streams RT News content directly in Kodi including Global, US, Documentaries, Spanish (ESP), and Arabic channels. Automatic updates available via repository.</description>
		<disclaimer lang="en">Feel free to use this script.</disclaimer>
		<platform>all</platform>
		<language>en</language>
		<license>GNU GENERAL PUBLIC LICENSE. Version 2, June 1991</license>
		<website>https://www.rt.com</website>
		<source>https://github.com/poslogica/plugin.video.nextgenrt</source>
		<news>[B]NextGen RT News ChangeLog v1.0.21 - 2025-10-24[/B]
- feat: update channel fr
- fix: GH action for IA
		</news>
	</extension>
</addon>