<?xml version="1.0" encoding="UTF-8" standalone="yes"?>
<addon id="repository.nextgenrt" name="NextGen RT Repository" version="1.0.0" provider-name="poslogica">
	<extension point="xbmc.addon.repository" name="NextGen RT Repository">
		<dir>
			<info compressed="false">https://raw.githubusercontent.com/poslogica/plugin.video.nextgenrt/gh-pages/addons.xml</info>
			<checksum>https://raw.githubusercontent.com/poslogica/plugin.video.nextgenrt/gh-pages/addons.xml.md5</checksum>
			<datadir zip="true">https://raw.githubusercontent.com/poslogica/plugin.video.nextgenrt/gh-pages/</datadir>
		</dir>
	</extension>
	<extension point="xbmc.addon.metadata">
		<summary lang="en">NextGen RT News Repository</summary>
		<description lang="en">Repository for NextGen RT News addons. Install this to get automatic updates for RT News streaming plugins.</description>
		<disclaimer lang="en"></disclaimer>
		<platform>all</platform>
		<assets>
			<icon>icon.png</icon>
			<fanart>fanart.jpg</fanart>
		</assets>
	</extension>
</addon>
